Название,Цена,Ссылка на осветительный прибор
Люстра Ливсден Brown,18 990руб.,https://www.divan.ru/product/lyustra-livsden-brown
Подвесной светильник Ливсден Brown,4690руб.,https://www.divan.ru/product/podvesnoj-svetilnik-livsden-brown
Настольная лампа Ливсден Brown,8590руб.,https://www.divan.ru/product/nastolnaya-lampa-livsden-brown
Торшер Ливсден Brown,11 990руб.,https://www.divan.ru/product/torsher-livsden-brown
Бра Флиммер Black,1690руб.,https://www.divan.ru/product/bra-flimmer-black
Люстра Флиммер Black,7990руб.,https://www.divan.ru/product/lyustra-flimmer-black
Подвесной светильник Флиммер Black,1890руб.,https://www.divan.ru/product/podvesnoj-svetilnik-flimmer-black
Настольная лампа Флиммер Black,2990руб.,https://www.divan.ru/product/nastolnaya-lampa-flimmer-black
Торшер Флиммер Black,4990руб.,https://www.divan.ru/product/torsher-flimmer-black
Настольная лампа Нидлс Raffia Beige,4990руб.,https://www.divan.ru/product/nastolnaya-lampa-nidls-raffia-beige
Люстра Гейза Black,9990руб.,https://www.divan.ru/product/lyustra-gejza-black
Настольная лампа Гейза Black,3990руб.,https://www.divan.ru/product/nastolnaya-lampa-gejza-black
Настольная лампа Гейза Pink,3990руб.,https://www.divan.ru/product/nastolnaya-lampa-gejza-pink
Настольная лампа Гейза Blue,3990руб.,https://www.divan.ru/product/nastolnaya-lampa-gejza-blue
Настольная лампа Гейза Orange,3990руб.,https://www.divan.ru/product/nastolnaya-lampa-gejza-orange
Настольная лампа Алней Black,3990руб.,https://www.divan.ru/product/nastolnaya-lampa-alnej-black
Настольная лампа Алней Beige,3990руб.,https://www.divan.ru/product/nastolnaya-lampa-alnej-beige
Настольная лампа Алней Green,3990руб.,https://www.divan.ru/product/nastolnaya-lampa-alnej-green
Настольная лампа Алней Orange,3990руб.,https://www.divan.ru/product/nastolnaya-lampa-alnej-orange
Торшер Алней Green,7990руб.,https://www.divan.ru/product/torsher-alnej-green
Торшер Алней Black,7990руб.,https://www.divan.ru/product/torsher-alnej-black
Торшер Алней Orange,7990руб.,https://www.divan.ru/product/torsher-alnej-orange
Торшер Алней Beige,7990руб.,https://www.divan.ru/product/torsher-alnej-beige
Настольная лампа Арбет Orange,1990руб.,https://www.divan.ru/product/nastolnaya-lampa-arbet-orange
Настольная лампа Арбет Silver,3390руб.,https://www.divan.ru/product/nastolnaya-lampa-arbet-silver
Настольная лампа Арбет Beige,1990руб.,https://www.divan.ru/product/nastolnaya-lampa-arbet-beige
Настольная лампа Арбет White,2390руб.,https://www.divan.ru/product/nastolnaya-lampa-arbet-white
Настольная лампа Арбет Black,1990руб.,https://www.divan.ru/product/nastolnaya-lampa-arbet-black
Настольная лампа Синдри Grey,4390руб.,https://www.divan.ru/product/nastolnaya-lampa-sindri-grey
Люстра Синдри Black,12 990руб.,https://www.divan.ru/product/lyustra-sindri-black
Настольная лампа Манэт White,2690руб.,https://www.divan.ru/product/nastolnaya-lampa-manet-white
Настольная лампа Леррет Beige,3990руб.,https://www.divan.ru/product/nastolnaya-lampa-lerret-beige
Настольная лампа Леррет White,2590руб.,https://www.divan.ru/product/nastolnaya-lampa-lerret-white
Настольная лампа Истад Black,1690руб.,https://www.divan.ru/product/nastolnaya-lampa-istad-black
Настольная лампа Истад White,1690руб.,https://www.divan.ru/product/nastolnaya-lampa-istad-white
Люстра Боллар White,22 990руб.,https://www.divan.ru/product/lyustra-bollar-white
Настольная лампа Рибе Black,1990руб.,https://www.divan.ru/product/nastolnaya-lampa-ribe-black
Настольная лампа Рибе Orange,1990руб.,https://www.divan.ru/product/nastolnaya-lampa-ribe-orange
Настольная лампа Снибальд White,790руб.,https://www.divan.ru/product/nastolnaya-lampa-snibald-white
Настольная лампа Спайк Pink,1390руб.,https://www.divan.ru/product/nastolnaya-lampa-spajk-pink
Настольная лампа Спайк White,1390руб.,https://www.divan.ru/product/nastolnaya-lampa-spajk-white
Настольная лампа Астри Black,1390руб.,https://www.divan.ru/product/nastolnaya-lampa-astri-black
Настольная лампа Астри Beige,1390руб.,https://www.divan.ru/product/nastolnaya-lampa-astri-beige
Подвесной светильник Клауд White,9990руб.,https://www.divan.ru/product/podvesnoj-svetilnik-klaud-white
Торшер Клауд White,18 290руб.,https://www.divan.ru/product/torsher-klaud-white
Настольная лампа Клауд White,15 990руб.,https://www.divan.ru/product/nastolnaya-lampa-klaud-white
Настольная лампа Машрум Olive,3990руб.,https://www.divan.ru/product/nastolnaya-lampa-mashrum-olive
Настольная лампа Машрум Pink,3990руб.,https://www.divan.ru/product/nastolnaya-lampa-mashrum-pink
